{
  "release_cpu_250k": {
    "accuracy": 99.4076,
    "elapsed_seconds": 21.825426700059325,
    "total_predictions": 250000
  },
  "release_cpu_1m": {
    "accuracy": 99.4344,
    "elapsed_seconds": 46.80545220000204,
    "total_predictions": 1000000
  },
  "release_cpu_mt4_250k": {
    "accuracy": 99.4076,
    "elapsed_seconds": 19.224729100009426,
    "total_predictions": 250000
  },
  "release_cpu_mt4_1m": {
    "accuracy": 99.4344,
    "elapsed_seconds": 46.08111800008919,
    "total_predictions": 1000000
  },
  "release_cuda_250k": {
    "accuracy": 99.408,
    "elapsed_seconds": 76.21366260002833,
    "total_predictions": 250000
  },
  "release_cuda_1m": {
    "accuracy": 99.4344,
    "elapsed_seconds": 275.22525010001846,
    "total_predictions": 1000000
  },
  "speedup_cpu_mt_vs_cpu_250k": 1.1353,
  "speedup_cuda_vs_cpu_250k": 0.2864,
  "speedup_cpu_mt_vs_cpu_1m": 1.0157,
  "speedup_cuda_vs_cpu_1m": 0.1701
}