{
  "release_cpu_250k": {
    "accuracy": 99.4076,
    "elapsed_seconds": 14.661686699953862,
    "total_predictions": 250000
  },
  "release_cpu_1m": {
    "accuracy": 99.4344,
    "elapsed_seconds": 42.63818240002729,
    "total_predictions": 1000000
  },
  "release_cpu_mt4_250k": {
    "accuracy": 99.4076,
    "elapsed_seconds": 15.218264299910516,
    "total_predictions": 250000
  },
  "release_cpu_mt4_1m": {
    "accuracy": 99.4344,
    "elapsed_seconds": 41.13829649996478,
    "total_predictions": 1000000
  },
  "release_cuda_250k": {
    "accuracy": 99.408,
    "elapsed_seconds": 69.9198937000474,
    "total_predictions": 250000
  },
  "release_cuda_1m": {
    "accuracy": 99.4344,
    "elapsed_seconds": 254.62674580002204,
    "total_predictions": 1000000
  },
  "speedup_cpu_mt_vs_cpu_250k": 0.9634,
  "speedup_cuda_vs_cpu_250k": 0.2097,
  "speedup_cpu_mt_vs_cpu_1m": 1.0365,
  "speedup_cuda_vs_cpu_1m": 0.1675
}